{"cameraMode":{"drawMode":0,"name":"Shaded","section":"Shading Mode"},"sceneLighting":true,"audioPlay":false,"sceneViewState":{"showFog":true,"showMaterialUpdate":false,"showSkybox":true,"showFlares":true,"showImageEffects":true,"showParticleSystems":true},"in2DMode":false,"pivot":{"x":89.02327728271485,"y":-108.70030212402344,"z":160.5124969482422},"rotation":{"x":0.46595579385757449,"y":0.0172470360994339,"z":-0.009086014702916146,"w":0.8846030831336975},"size":268.18048095703127,"orthographic":false}